Item 1,Item 2,Pearson Correlation
milk,bread,0.16666666666666674
milk,butter,0.16666666666666674
milk,eggs,0.0
milk,cheese,-0.10206207261596574
milk,chips,-0.35634832254989907
bread,butter,0.5833333333333335
bread,eggs,-2.2662332591841976e-17
bread,cheese,-0.10206207261596574
bread,chips,-0.3563483225498992
butter,eggs,-0.4082482904638631
butter,cheese,0.40824829046386296
butter,chips,-0.3563483225498992
eggs,cheese,-0.4999999999999999
eggs,chips,-0.2182178902359924
cheese,chips,-0.3273268353539885
