Year,Quarter,Region,Product,Sales
2023,Q1,North,Laptop,1200
2023,Q1,North,Mobile,900
2023,Q1,South,Laptop,1500
2023,Q1,South,Mobile,1100
2023,Q2,North,Laptop,1400
2023,Q2,North,Mobile,1000
2023,Q2,South,Laptop,1600
2023,Q2,South,Mobile,1200
2023,Q3,North,Laptop,1700
2023,Q3,North,Mobile,1300
2023,Q3,South,Laptop,1800
2023,Q3,South,Mobile,1400
2023,Q4,North,Laptop,2000
2023,Q4,North,Mobile,1600
2023,Q4,South,Laptop,2100
2023,Q4,South,Mobile,1700
2024,Q1,North,Laptop,2200
2024,Q1,North,Mobile,1800
2024,Q1,South,Laptop,2300
2024,Q1,South,Mobile,1900
2024,Q2,North,Laptop,2400
2024,Q2,North,Mobile,2000
2024,Q2,South,Laptop,2500
2024,Q2,South,Mobile,2100
2024,Q3,North,Laptop,2600
2024,Q3,North,Mobile,2200
2024,Q3,South,Laptop,2700
2024,Q3,South,Mobile,2300
2024,Q4,North,Laptop,2800
2024,Q4,South,Mobile,2400